브랜드,색상,컬러코드1,이미지
클리오,러브 미 오버,#e31e45,http://shopping.phinf.naver.net/main_1034926/10349269395.jpg?type=f140
클리오,키스 미 텐더,#ee4e68,http://shopping.phinf.naver.net/main_1034942/10349423536.jpg?type=f140
클리오,허그 미 하더,#ed5849,http://i.011st.com/ex_t/R/400x400/1/85/0/src/pd/16/6/1/4/0/2/7/vZcfP/1581614027_B.jpg
클리오,핑크 블리,#d81166,http://shopping.phinf.naver.net/main_1034459/10344592933.jpg?type=f140
클리오,피치니 스타,#ff5c63,http://img2.wangdome.com/api/images/th1118/th1118003010000000107.jpg
클리오,허니 블라썸,#f8678a,http://img5.ownerclan.com/api/images/th1118/th1118003010000000106.jpg
클리오,버터 키스,#fe7583,http://i.011st.com/ex_t/R/400x400/1/85/0/src/pd/16/8/0/1/7/7/1/fKENt/1612801771_B.jpg
클리오,로코 퀸,#f95a9a,http://i.011st.com/ex_t/R/400x400/1/85/0/src/pd/16/8/0/1/8/5/1/pqHqp/1612801851_B.jpg
클리오,백 토크,#ff4ab5,http://i.011st.com/ex_t/R/400x400/1/85/0/src/pd/16/8/0/1/9/2/6/KZirQ/1612801926_B.jpg
클리오,밀리어네어,#f6284e,http://i.011st.com/ex_t/R/400x400/1/85/0/src/pd/16/6/1/4/2/5/7/ZmvDD/1581614257_B.jpg
클리오,데인져러스,#c60871,http://i.011st.com/ex_t/R/400x400/1/85/0/src/pd/16/7/9/9/1/7/0/JiIwh/1612799170_A2.jpg
클리오,터치 업,#eb0053,http://i.011st.com/ex_t/R/400x400/1/85/0/src/pd/16/7/9/9/2/7/0/UBSzw/1612799270_B.jpg
클리오,인스턴트 러브,#ff2863,http://i.011st.com/ex_t/R/400x400/1/85/0/src/pd/16/7/9/9/3/6/0/zQWVF/1612799360_B.jpg
클리오,프리티 플리즈,#fc4e59,http://www.whitonic.com/shop/image_view.html?scroll=&image=/shopimages/whitonic/023004003072.jpg
클리오,샥,#f2413b,http://i.011st.com/ex_t/R/400x400/1/85/0/src/pd/16/7/9/9/6/0/5/MxKqg/1612799605_B.jpg
클리오,뱅어랭,#e73446,http://i.011st.com/ex_t/R/400x400/1/85/0/src/pd/16/7/9/9/7/0/5/dFMeV/1612799705_B.jpg
클리오,썸,#b51649,http://www.makebeau.co.kr/shopimages/makeb15/003003001439.jpg?1479370387
클리오,세이미,#d44750,http://cdn.galleria-dfs.com/qc/LK_520x520/dfs/images/C14001/goods/620/1606032620_0000001.jpg
클리오,핑크블룸,#ec4d5d,http://cdn.galleria-dfs.com/qc/LK_520x520/dfs/images/C14001/goods/595/1606032595_0000001.jpg
클리오,아이러니,#f87461,https://img4c.coupangcdn.com/image/product/image/vendoritem/2016/05/27/3014725892/74cde84b-c79b-4356-876f-8314212c21c5.jpg
클리오,패션오렌지,#e53615,https://encrypted-tbn1.gstatic.com/images?q=tbn:ANd9GcQMgaxxbQ4YyUAouy4NyTNz_lBc56U4mzH_NxuChbz8VxGBLqIM
클리오,버진오렌지,#e23426,http://cdn.galleria-dfs.com/qc/LK_520x520/dfs/images/C14001/goods/600/1606032600_0000001.jpg
클리오,핑크리셔스,#de263d,https://usercontents-c.styleshare.kr/images/17886304/640x640
클리오,붉을 적,#ce182f,http://cdn.galleria-dfs.com/qc/LK_520x520/dfs/images/C14001/goods/601/1606032601_0000001.jpg
바비브라운,페일핑크,#C08D93,http://shopping.phinf.naver.net/main_9063146/9063146703.jpg?type=f140
바비브라운,샌드워시 핑크,#c98079,http://image.gsshop.com/image/22/62/22625069_N1.jpg
바비브라운,샌드워시 튤,#d18894,http://shop1.phinf.naver.net/20160816_238/edenglobalstore_1471310234013cOXSc_JPEG/2400387686547020_1417966195.jpg?type=o640
바비브라운,튤,#d28a94,http://bshop.phinf.naver.net/20160816_246/edenglobalstore_1471310219141zQQQO_PNG/TULLE.png
바비브라운,로즈,#b4566e,http://bshop.phinf.naver.net/20160816_277/edenglobalstore_1471310215090CRTo4_PNG/ROSE.png
바비브라운,핑크 모브,#a25762,http://bshop.phinf.naver.net/20160816_107/edenglobalstore_14713102050485eeSi_PNG/BROWN.png
바비브라운,브라운,#9a625a,http://bshop.phinf.naver.net/20160816_107/edenglobalstore_14713102050485eeSi_PNG/BROWN.png
바비브라운,브라우니 핑크,#b56150,http://bshop.phinf.naver.net/20160816_252/edenglobalstore_1471310205532JK2BB_PNG/BROWNIE_PINK.png
바비브라운,브라우니,#9e4d43,http://bshop.phinf.naver.net/20160816_74/edenglobalstore_1471310206048AutH3_PNG/BROWNIE.png
바비브라운,럼 레이즌,#602227,http://bshop.phinf.naver.net/20160816_282/edenglobalstore_1471310215571CJ0Rq_PNG/RUM_RAISIN.png
바비브라운,슬롭스,#75322c,http://bshop.phinf.naver.net/20160816_258/edenglobalstore_1471310218154DHjEo_PNG/SLOPES.png
바비브라운,코코아,#965341,http://bshop.phinf.naver.net/20160816_148/edenglobalstore_1471310208788vvtdU_PNG/HOT_COCOA.png
바비브라운,누드 베이지,#ffc3a8,http://bshop.phinf.naver.net/20160816_193/edenglobalstore_1471310209644hmnWs_PNG/NUDE.png
바비브라운,핑크 베이지,#f6b9ae,http://bshop.phinf.naver.net/20160816_133/edenglobalstore_1471310203304CHliX_PNG/BEIGE.png
바비브라운,베이지,#b36c55,http://bshop.phinf.naver.net/20160816_133/edenglobalstore_1471310203304CHliX_PNG/BEIGE.png
바비브라운,블론디 핑크,#b26558,http://bshop.phinf.naver.net/20160816_100/edenglobalstore_1471310204160TEnlM_PNG/BLONDIE_PINK.png
바비브라운,블러쉬,#ba756e,http://bshop.phinf.naver.net/20160816_118/edenglobalstore_1471310204629kdKW8_PNG/BLUSH.png
바비브라운,헤더,#906767,http://i.011st.com/ex_t/R/400x400/1/85/0/src/am/3/1/5/4/1/9/1493315419_B.jpg
바비브라운,플럼 로즈,#a96872,http://image.unit808.com/data/100mc_data//images/product/21/12/60/22/41/b_2112602241.gif
바비브라운,발레 핑크,#c96064,http://openimage.interpark.com/goods_image/3/5/4/3/4286353543s.jpg
바비브라운,다크 초콜릿,#785543,http://shop1.phinf.naver.net/20160925_86/bonbotte_1474786873857T7e3D_JPEG/21dh6hjdznL_still.jpg?type=o640
바비브라운,레드,#9d140e,http://bshop.phinf.naver.net/20160816_268/edenglobalstore_1471310213709GrV1b_PNG/RED.png
Dior Addict,위스퍼 베이지,#CC7B68,http://i.011st.com/ex_t/R/400x400/1/85/0/src/am/6/4/0/0/6/6/1474640066_B.jpg
Dior Addict,타이니 핑크,#E57F84,http://image.auction.co.kr/itemimage/d8/3e/3f/d83e3f055.jpg
Dior Addict,미라쥬,#bb3f1d,"http://image.auction.co.kr/itemimage/10/2a/bb/102abb1b65.jpg"""
Dior Addict,키스미,#F4A7B8,http://i.011st.com/ex_t/R/400x400/1/85/0/src/am/6/4/0/3/3/7/1474640337_B.jpg
Dior Addict,마지끄,#f5485b,http://i.011st.com/ex_t/R/400x400/1/85/0/src/pd/16/6/7/4/4/6/2/oyRdK/1426674462_B.jpg
Dior Addict,아방뛰르,#e33c35,http://openimage.interpark.com/goods_image/3/4/3/2/4171133432s.JPG
Dior Addict,원더랜드,#c53446,https://gd.image-gmkt.com/%ed%81%ac%eb%a6%ac%ec%8a%a4%ec%b1%a4-%eb%94%94%ec%98%ac-%ec%97%90%eb%94%95%ed%8b%b0%eb%93%9c-%ed%94%8c%eb%a3%a8%ec%9d%b4%eb%93%9c-%ec%8a%a4-575-%ec%9b%90%eb%8d%94%eb%9e%9c%eb%93%9c-5-5ML-0-18OZ/li/772/008/633008772.g_400-w_g.jpg.webp
Dior Addict,아티피스,#e60003,https://gd.image-gmkt.com/%ed%81%ac%eb%a6%ac%ec%8a%a4%ec%b1%a4-%eb%94%94%ec%98%ac-%ec%97%90%eb%94%95%ed%8b%b0%eb%93%9c-%ed%94%8c%eb%a3%a8%ec%9d%b4%eb%93%9c-%ec%8a%a4%ed%8b%b1-639-%ec%95%84%ed%8b%b0%ed%94%bc%ec%8a%a4-5-5ML-0-18OZ/li/088/519/596519088.g_400-w_g.jpg.webp
Dior Addict,팡도르,#c42a3a,http://i.011st.com/ex_t/R/400x400/1/85/0/src/am/6/4/0/5/0/0/1474640500_B.jpg
M.A.C,칠리,#aa352c,http://image.g9.co.kr/g/727563775/n
M.A.C,레이디 데인저,#e31423,https://encrypted-tbn3.gstatic.com/images?q=tbn:ANd9GcQMYYwVPt7KR-6tDNTVGTTSfdbTuSg8GqMBMecsB5kUfwDe3L795QbRWA
M.A.C,러시안 레드,#9f2b30,http://image.busanlottedfs.com/image/product/m/2045346150_01_m.jpg
M.A.C,릴렌트리슬리 레드,#e10443,http://image.busanlottedfs.com/image/product/m/2061159031_02_m.jpg
M.A.C,맥 레드,#932325,http://image.unit808.com/data/100mc_data//images/product/21/12/59/41/03/b_2112594103.gif
M.A.C,브레이브 레드,#b12738,http://i.011st.com/ex_t/R/400x400/1/85/0/src/pd/16/5/9/4/6/1/4/JmUvy/1618594614_B.jpg
M.A.C,데인저러스,#ce211a,http://shop1.phinf.naver.net/20161024_236/kepa9672_147728404500198vdE_JPEG/D_4_1_500.jpg?type=m450
M.A.C,퍼펙트 스코어,#ce000b,https://www.maccosmetics.co.kr/media/export/cms/products/640x600/mac_sku_M0N904_640x600_0.jpg
M.A.C,행업,#8F4C62,https://images-na.ssl-images-amazon.com/images/I/31RdtT3%2BBiL._SX355_.jpg
M.A.C,브리딩 파이어,#FA4184,http://image.lottedfs.com/image/product/m/2065178564_04_m.jpg
M.A.C,인바이트 인트리그,#D8478F,http://image.dutyfree24.com/FileStroage/GD/500/2110904100203_500_1.jpg
M.A.C,"핑크, 유 띵크?",#FA468C,http://image.lottedfs.com/image/product/m/2065398818_01_m.jpg
M.A.C,인 마이 패션,#52413E,http://image.lottedfs.com/image/product/m/2065399129_01_m.jpg
M.A.C,포에바,#B385C0,http://image.auction.co.kr/itemimage/93/13/bb/9313bb555.jpg
M.A.C,기브 인,#E29591,http://www.temptalia.com/wp-content/uploads/2016/05/mac_givein002.jpg
M.A.C,인톡시카,#E12545,http://image.dutyfree24.com/FileStroage/GD/500/2110904100204_500_1.jpg
M.A.C,듀,#B4B8EB,http://shopping.phinf.naver.net/main_1052240/10522402342.1.jpg?type=f140
M.A.C,하이라이츠,#E99E65,http://shopping.phinf.naver.net/main_1052240/10522402136.1.jpg?type=f140
M.A.C,레이디 버그,#BF292B,http://shopping.phinf.naver.net/main_1066216/10662167988.jpg?type=f140
M.A.C,핫 가십,#DD7587,http://shopping.phinf.naver.net/main_7372934/7372934141.1.jpg?type=f140
M.A.C,디바,#662234,http://shopping.phinf.naver.net/main_1041323/10413233746.jpg?type=f140
M.A.C,러브론,#FD689C,http://shopping.phinf.naver.net/main_1053183/10531831576.jpg?type=f140
M.A.C,온 홀드,#D16169,http://shopping.phinf.naver.net/main_9094356/9094356838.jpg?type=f140
M.A.C,파티 라인,#A24B5C,http://shopping.phinf.naver.net/main_1012259/10122598622.jpg?type=f140
IOPE,드리밍 베이지,#E09B90,http://image.auction.co.kr/itemimage/10/54/f0/1054f0a115.jpg
IOPE,모카 베이지,#C17268,http://shopping.phinf.naver.net/main_8630940/8630940983.jpg?type=f140
IOPE,오렌지 선셋,#D26655,http://shopping.phinf.naver.net/main_8876502/8876502779.jpg?type=f140
IOPE,엔젤 오렌지,#E37D6A,http://shopping.phinf.naver.net/main_9389098/9389098986.jpg?type=f140
IOPE,다즐링 코랄,#EC7180,http://shopping.phinf.naver.net/main_9506576/9506576592.jpg?type=f140
IOPE,코랄 블라썸,#DD566A,http://shopping.phinf.naver.net/main_1043540/10435408747.jpg?type=f140
IOPE,체리 블라썸,#D02C40,http://shopping.phinf.naver.net/main_1051301/10513013970.jpg?type=f140
IOPE,클래식 레드,#A5111C,http://shopping.phinf.naver.net/main_1064065/10640651902.jpg?type=f140
IOPE,글램 로즈,#C25566,http://shopping.phinf.naver.net/main_1065591/10655917804.jpg?type=f140
IOPE,블러시 핑크,#DA7B91,http://shopping.phinf.naver.net/main_8876485/8876485408.jpg?type=f140
IOPE,푸시아 틴트,#CA285D,http://shopping.phinf.naver.net/main_1039484/10394840839.jpg?type=f140
IOPE,소영 핑크,#DA4E91,http://shopping.phinf.naver.net/main_1049555/10495558438.jpg?type=f140
IOPE,바이올렛 핑크,#B73B71,http://shopping.phinf.naver.net/main_9659147/9659147143.jpg?type=f140
